0.0244717418524232,0.00615582970243114,0.00154133313343601,0.000385481879638533
0.0954915028125263,0.0244717418524232,0.00615582970243114,0.00154133313343601
0.206107373853763,0.0544967379058161,0.0138150398011617,0.00346577152253685
0.345491502812526,0.0954915028125263,0.0244717418524232,0.00615582970243114
0.5,0.146446609406726,0.0380602337443566,0.00960735979838478
0.654508497187474,0.206107373853763,0.0544967379058161,0.0138150398011617
0.793892626146236,0.273004750130227,0.0736799178229539,0.0187723817731764
0.904508497187474,0.345491502812526,0.0954915028125263,0.0244717418524232
0.975528258147577,0.421782767479885,0.119797017199985,0.0309043320387579
1,0.5,0.146446609406726,0.0380602337443566
0.975528258147577,0.578217232520116,0.175275975834908,0.0459284130874594
0.904508497187474,0.654508497187474,0.206107373853763,0.0544967379058161
0.793892626146237,0.726995249869773,0.238750717642026,0.0637519964636014
0.654508497187474,0.793892626146236,0.273004750130227,0.0736799178229539
0.5,0.853553390593274,0.308658283817455,0.0842651938487274
0.345491502812526,0.904508497187474,0.345491502812526,0.0954915028125263
0.206107373853763,0.945503262094184,0.383277318072047,0.107341534559628
0.0954915028125263,0.975528258147577,0.421782767479885,0.119797017199985
0.0244717418524232,0.993844170297569,0.460770452136077,0.132838745282157
1.49975978266186e-32,1,0.5,0.146446609406726
0.0244717418524232,0.993844170297569,0.539229547863923,0.160599627233529
0.0954915028125265,0.975528258147577,0.578217232520116,0.175275975834908
0.206107373853763,0.945503262094184,0.616722681927953,0.190453025345083
0.345491502812526,0.904508497187474,0.654508497187474,0.206107373853763
0.5,0.853553390593274,0.691341716182545,0.222214883490199
0.654508497187474,0.793892626146237,0.726995249869773,0.238750717642026
0.793892626146236,0.726995249869773,0.761249282357974,0.255689379251522
0.904508497187474,0.654508497187474,0.793892626146236,0.273004750130227
0.975528258147577,0.578217232520116,0.824724024165092,0.290670131231286
1,0.5,0.853553390593274,0.308658283817455
0.975528258147577,0.421782767479885,0.880202982800016,0.326941471461253
0.904508497187474,0.345491502812526,0.904508497187474,0.345491502812526
0.793892626146237,0.273004750130227,0.926320082177046,0.364279775067463
0.654508497187474,0.206107373853763,0.945503262094184,0.383277318072047
0.5,0.146446609406726,0.961939766255643,0.402454838991936
0.345491502812527,0.0954915028125263,0.975528258147577,0.421782767479885
0.206107373853764,0.0544967379058161,0.986184960198838,0.441231301271081
0.0954915028125264,0.0244717418524232,0.993844170297569,0.460770452136077
0.0244717418524233,0.00615582970243116,0.998458666866564,0.480370092120466
5.99903913064743e-32,1.49975978266186e-32,1,0.5
0.0244717418524229,0.00615582970243105,0.998458666866564,0.519629907879534
0.0954915028125261,0.0244717418524232,0.993844170297569,0.539229547863923
0.206107373853763,0.054496737905816,0.986184960198838,0.558768698728919
0.345491502812527,0.0954915028125265,0.975528258147577,0.578217232520116
0.5,0.146446609406726,0.961939766255643,0.597545161008064
0.654508497187473,0.206107373853763,0.945503262094184,0.616722681927953
0.793892626146236,0.273004750130226,0.926320082177046,0.635720224932537
0.904508497187474,0.345491502812526,0.904508497187474,0.654508497187474
0.975528258147577,0.421782767479885,0.880202982800015,0.673058528538747
1,0.5,0.853553390593274,0.691341716182545
0.975528258147577,0.578217232520115,0.824724024165092,0.709329868768714
0.904508497187474,0.654508497187474,0.793892626146237,0.726995249869773
0.793892626146238,0.726995249869773,0.761249282357975,0.744310620748477
0.654508497187474,0.793892626146236,0.726995249869773,0.761249282357974
0.500000000000001,0.853553390593273,0.691341716182545,0.777785116509801
0.345491502812527,0.904508497187474,0.654508497187474,0.793892626146236
0.206107373853763,0.945503262094184,0.616722681927953,0.809546974654917
0.0954915028125265,0.975528258147577,0.578217232520116,0.824724024165092
0.0244717418524231,0.993844170297569,0.539229547863922,0.839400372766471
1.34978380439567e-31,1,0.5,0.853553390593274
0.0244717418524228,0.993844170297569,0.460770452136078,0.867161254717843
0.0954915028125261,0.975528258147577,0.421782767479885,0.880202982800016
0.206107373853762,0.945503262094184,0.383277318072048,0.892658465440372
0.345491502812526,0.904508497187474,0.345491502812526,0.904508497187474
0.500000000000001,0.853553390593274,0.308658283817455,0.915734806151273
0.654508497187473,0.793892626146237,0.273004750130227,0.926320082177046
0.793892626146237,0.726995249869773,0.238750717642025,0.936248003536398
0.904508497187473,0.654508497187474,0.206107373853763,0.945503262094184
0.975528258147577,0.578217232520115,0.175275975834908,0.954071586912541
1,0.5,0.146446609406726,0.961939766255643
0.975528258147577,0.421782767479885,0.119797017199985,0.969095667961242
0.904508497187474,0.345491502812527,0.0954915028125263,0.975528258147577
0.793892626146238,0.273004750130227,0.0736799178229541,0.981227618226824
0.654508497187474,0.206107373853764,0.0544967379058161,0.986184960198838
0.500000000000001,0.146446609406727,0.0380602337443568,0.990392640201615
0.345491502812527,0.0954915028125264,0.0244717418524232,0.993844170297569
0.206107373853763,0.054496737905816,0.0138150398011617,0.996534228477463
0.0954915028125266,0.0244717418524233,0.00615582970243116,0.998458666866564
0.0244717418524231,0.00615582970243111,0.001541333133436,0.999614518120361
2.39961565225897e-31,5.99903913064743e-32,1.49975978266186e-32,1
0.0244717418524228,0.00615582970243103,0.00154133313343598,0.999614518120361
0.0954915028125249,0.0244717418524229,0.00615582970243105,0.998458666866564
0.206107373853764,0.0544967379058161,0.0138150398011617,0.996534228477463
0.345491502812526,0.0954915028125261,0.0244717418524232,0.993844170297569
0.5,0.146446609406726,0.0380602337443567,0.990392640201615
0.654508497187473,0.206107373853763,0.054496737905816,0.986184960198838
0.793892626146235,0.273004750130226,0.0736799178229537,0.981227618226824
0.904508497187475,0.345491502812527,0.0954915028125265,0.975528258147577
0.975528258147577,0.421782767479885,0.119797017199985,0.969095667961242
1,0.5,0.146446609406726,0.961939766255643
0.975528258147577,0.578217232520115,0.175275975834908,0.954071586912541
0.904508497187475,0.654508497187473,0.206107373853763,0.945503262094184
0.793892626146236,0.726995249869773,0.238750717642026,0.936248003536398
0.654508497187474,0.793892626146236,0.273004750130226,0.926320082177046
0.500000000000001,0.853553390593273,0.308658283817455,0.915734806151273
0.345491502812527,0.904508497187474,0.345491502812526,0.904508497187474
0.206107373853765,0.945503262094184,0.383277318072047,0.892658465440373
0.0954915028125256,0.975528258147577,0.421782767479885,0.880202982800015
0.0244717418524231,0.993844170297569,0.460770452136078,0.867161254717843
3.74939945665464e-31,1,0.5,0.853553390593274
0.0244717418524227,0.993844170297569,0.539229547863922,0.839400372766471
0.0954915028125249,0.975528258147577,0.578217232520115,0.824724024165092
0.206107373853765,0.945503262094183,0.616722681927953,0.809546974654917
0.345491502812526,0.904508497187474,0.654508497187474,0.793892626146237
0.5,0.853553390593274,0.691341716182545,0.777785116509801
0.654508497187471,0.793892626146238,0.726995249869773,0.761249282357975
0.793892626146235,0.726995249869774,0.761249282357974,0.744310620748478
0.904508497187473,0.654508497187474,0.793892626146236,0.726995249869773
0.975528258147577,0.578217232520115,0.824724024165092,0.709329868768714
1,0.500000000000001,0.853553390593273,0.691341716182545
0.975528258147577,0.421782767479885,0.880202982800015,0.673058528538747
0.904508497187474,0.345491502812527,0.904508497187474,0.654508497187474
0.793892626146236,0.273004750130227,0.926320082177046,0.635720224932537
0.654508497187473,0.206107373853763,0.945503262094184,0.616722681927953
0.500000000000002,0.146446609406727,0.961939766255643,0.597545161008064
0.345491502812527,0.0954915028125265,0.975528258147577,0.578217232520116
0.206107373853766,0.0544967379058168,0.986184960198838,0.558768698728919
0.0954915028125256,0.0244717418524231,0.993844170297569,0.539229547863922
0.0244717418524237,0.00615582970243126,0.998458666866564,0.519629907879534
5.39913521758269e-31,1.34978380439567e-31,1,0.5
0.0244717418524233,0.00615582970243115,0.998458666866564,0.480370092120466
0.0954915028125248,0.0244717418524228,0.993844170297569,0.460770452136078
0.206107373853765,0.0544967379058165,0.986184960198838,0.441231301271081
0.345491502812525,0.0954915028125261,0.975528258147577,0.421782767479885
0.5,0.146446609406726,0.961939766255643,0.402454838991936
0.654508497187471,0.206107373853762,0.945503262094184,0.383277318072048
0.793892626146235,0.273004750130226,0.926320082177046,0.364279775067463
0.904508497187473,0.345491502812526,0.904508497187474,0.345491502812526
0.975528258147577,0.421782767479885,0.880202982800016,0.326941471461253
1,0.500000000000001,0.853553390593274,0.308658283817455
0.975528258147577,0.578217232520115,0.824724024165092,0.290670131231286
0.904508497187474,0.654508497187473,0.793892626146237,0.273004750130227
0.793892626146236,0.726995249869773,0.761249282357974,0.255689379251522
0.654508497187473,0.793892626146237,0.726995249869773,0.238750717642025
0.500000000000002,0.853553390593273,0.691341716182545,0.222214883490199
0.345491502812527,0.904508497187473,0.654508497187474,0.206107373853763
0.206107373853766,0.945503262094183,0.616722681927954,0.190453025345083
0.0954915028125258,0.975528258147577,0.578217232520115,0.175275975834908
0.0244717418524238,0.993844170297569,0.539229547863923,0.160599627233529
7.3488229350431e-31,1,0.5,0.146446609406726
0.0244717418524232,0.993844170297569,0.460770452136077,0.132838745282157
0.0954915028125247,0.975528258147577,0.421782767479885,0.119797017199985
0.206107373853765,0.945503262094184,0.383277318072047,0.107341534559627
0.345491502812525,0.904508497187474,0.345491502812527,0.0954915028125263
0.5,0.853553390593274,0.308658283817455,0.0842651938487274
0.654508497187471,0.793892626146238,0.273004750130227,0.0736799178229541
0.793892626146235,0.726995249869774,0.238750717642026,0.0637519964636016
0.904508497187473,0.654508497187474,0.206107373853764,0.0544967379058161
0.975528258147577,0.578217232520115,0.175275975834908,0.0459284130874593
1,0.500000000000001,0.146446609406727,0.0380602337443568
0.975528258147577,0.421782767479885,0.119797017199985,0.030904332038758
0.904508497187474,0.345491502812527,0.0954915028125264,0.0244717418524232
0.793892626146237,0.273004750130227,0.0736799178229539,0.0187723817731764
0.654508497187473,0.206107373853763,0.054496737905816,0.0138150398011617
0.500000000000002,0.146446609406727,0.0380602337443568,0.00960735979838482
0.345491502812527,0.0954915028125266,0.0244717418524233,0.00615582970243116
0.206107373853766,0.0544967379058169,0.0138150398011619,0.00346577152253691
0.0954915028125258,0.0244717418524231,0.00615582970243111,0.001541333133436
0.0244717418524238,0.00615582970243128,0.00154133313343605,0.000385481879638542
9.59846260903589e-31,2.39961565225897e-31,5.99903913064743e-32,1.49975978266186e-32
0.0244717418524232,0.00615582970243113,0.00154133313343601,0.000385481879638532
0.0954915028125247,0.0244717418524228,0.00615582970243103,0.00154133313343598
0.206107373853765,0.0544967379058164,0.0138150398011618,0.00346577152253688
0.345491502812522,0.0954915028125249,0.0244717418524229,0.00615582970243105
0.5,0.146446609406726,0.0380602337443566,0.00960735979838477
0.654508497187475,0.206107373853764,0.0544967379058161,0.0138150398011617
0.793892626146235,0.273004750130226,0.0736799178229536,0.0187723817731763
0.904508497187473,0.345491502812526,0.0954915028125261,0.0244717418524232
0.975528258147576,0.421782767479883,0.119797017199984,0.0309043320387578
1,0.5,0.146446609406726,0.0380602337443567
0.975528258147576,0.578217232520116,0.175275975834909,0.0459284130874594
0.904508497187474,0.654508497187473,0.206107373853763,0.054496737905816
0.793892626146237,0.726995249869773,0.238750717642026,0.0637519964636014
0.654508497187477,0.793892626146235,0.273004750130226,0.0736799178229537
0.500000000000002,0.853553390593273,0.308658283817455,0.0842651938487272
0.345491502812524,0.904508497187475,0.345491502812527,0.0954915028125265
0.206107373853766,0.945503262094183,0.383277318072046,0.107341534559627
0.0954915028125259,0.975528258147577,0.421782767479885,0.119797017199985
0.0244717418524238,0.993844170297569,0.460770452136077,0.132838745282157
1.2148054239561e-30,1,0.5,0.146446609406726
0.0244717418524231,0.993844170297569,0.539229547863923,0.160599627233529
0.0954915028125246,0.975528258147577,0.578217232520115,0.175275975834908
0.206107373853765,0.945503262094184,0.616722681927953,0.190453025345083
0.345491502812522,0.904508497187475,0.654508497187473,0.206107373853763
0.5,0.853553390593274,0.691341716182545,0.222214883490199
0.654508497187474,0.793892626146236,0.726995249869773,0.238750717642026
0.793892626146235,0.726995249869774,0.761249282357974,0.255689379251522
0.904508497187473,0.654508497187474,0.793892626146236,0.273004750130226
0.975528258147576,0.578217232520117,0.824724024165091,0.290670131231286
1,0.500000000000001,0.853553390593273,0.308658283817455
0.975528258147576,0.421782767479884,0.880202982800016,0.326941471461254
0.904508497187475,0.345491502812527,0.904508497187474,0.345491502812526
0.793892626146237,0.273004750130227,0.926320082177046,0.364279775067463
0.654508497187477,0.206107373853765,0.945503262094184,0.383277318072047
0.500000000000002,0.146446609406727,0.961939766255643,0.402454838991936
0.345491502812524,0.0954915028125256,0.975528258147577,0.421782767479885
0.206107373853767,0.054496737905817,0.986184960198838,0.441231301271081
0.095491502812526,0.0244717418524231,0.993844170297569,0.460770452136078
0.0244717418524239,0.0061558297024313,0.998458666866564,0.480370092120465
1.49975978266186e-30,3.74939945665464e-31,1,0.5
0.0244717418524231,0.00615582970243111,0.998458666866564,0.519629907879534
0.0954915028125245,0.0244717418524227,0.993844170297569,0.539229547863922
0.206107373853765,0.0544967379058164,0.986184960198838,0.558768698728919
0.345491502812522,0.0954915028125249,0.975528258147577,0.578217232520115
0.499999999999996,0.146446609406725,0.961939766255644,0.597545161008064
0.654508497187478,0.206107373853765,0.945503262094183,0.616722681927953
0.793892626146235,0.273004750130226,0.926320082177046,0.635720224932537
0.904508497187473,0.345491502812526,0.904508497187474,0.654508497187474
0.975528258147577,0.421782767479884,0.880202982800016,0.673058528538746
1,0.5,0.853553390593274,0.691341716182545
0.975528258147576,0.578217232520116,0.824724024165091,0.709329868768714
0.904508497187477,0.654508497187471,0.793892626146238,0.726995249869773
0.793892626146234,0.726995249869775,0.761249282357974,0.744310620748478
0.654508497187477,0.793892626146235,0.726995249869774,0.761249282357974
0.500000000000002,0.853553390593273,0.691341716182545,0.777785116509801
0.345491502812528,0.904508497187473,0.654508497187474,0.793892626146236
0.206107373853764,0.945503262094184,0.616722681927953,0.809546974654917
0.095491502812526,0.975528258147577,0.578217232520115,0.824724024165092
0.024471741852425,0.993844170297568,0.539229547863924,0.83940037276647
2.40082865776231e-29,1,0.500000000000001,0.853553390593273
0.0244717418524242,0.993844170297569,0.460770452136077,0.867161254717843
0.0954915028125245,0.975528258147577,0.421782767479885,0.880202982800015
0.206107373853762,0.945503262094184,0.383277318072048,0.892658465440372
0.345491502812525,0.904508497187474,0.345491502812527,0.904508497187474
0.499999999999999,0.853553390593274,0.308658283817455,0.915734806151273
0.654508497187474,0.793892626146236,0.273004750130227,0.926320082177046
0.793892626146232,0.726995249869776,0.238750717642027,0.936248003536398
0.904508497187475,0.654508497187473,0.206107373853763,0.945503262094184
0.975528258147576,0.578217232520117,0.175275975834909,0.95407158691254
1,0.500000000000002,0.146446609406727,0.961939766255643
0.975528258147577,0.421782767479886,0.119797017199985,0.969095667961242
0.904508497187475,0.345491502812527,0.0954915028125265,0.975528258147577
0.793892626146237,0.273004750130227,0.073679917822954,0.981227618226824
0.65450849718748,0.206107373853766,0.0544967379058168,0.986184960198838
0.499999999999999,0.146446609406726,0.0380602337443565,0.990392640201615
0.345491502812524,0.0954915028125256,0.0244717418524231,0.993844170297569
0.206107373853767,0.054496737905817,0.0138150398011619,0.996534228477463
0.0954915028125282,0.0244717418524237,0.00615582970243126,0.998458666866564
0.0244717418524239,0.00615582970243132,0.00154133313343606,0.999614518120361
2.15965408703307e-30,5.39913521758269e-31,1.34978380439567e-31,1
0.024471741852423,0.00615582970243109,0.001541333133436,0.999614518120361
0.0954915028125265,0.0244717418524233,0.00615582970243115,0.998458666866564
0.206107373853764,0.0544967379058163,0.0138150398011618,0.996534228477463
0.345491502812521,0.0954915028125248,0.0244717418524228,0.993844170297569
0.499999999999996,0.146446609406725,0.0380602337443562,0.990392640201615
0.654508497187477,0.206107373853765,0.0544967379058165,0.986184960198838
0.793892626146235,0.273004750130226,0.0736799178229536,0.981227618226824
0.904508497187473,0.345491502812525,0.0954915028125261,0.975528258147577
0.975528258147577,0.421782767479884,0.119797017199984,0.969095667961242
1,0.5,0.146446609406726,0.961939766255643
0.975528258147576,0.578217232520116,0.175275975834908,0.954071586912541
0.904508497187477,0.654508497187471,0.206107373853762,0.945503262094184
0.793892626146234,0.726995249869775,0.238750717642026,0.936248003536398
0.654508497187477,0.793892626146235,0.273004750130226,0.926320082177046
0.500000000000002,0.853553390593273,0.308658283817455,0.915734806151273
0.345491502812528,0.904508497187473,0.345491502812526,0.904508497187474
0.206107373853764,0.945503262094184,0.383277318072047,0.892658465440373
0.0954915028125262,0.975528258147577,0.421782767479885,0.880202982800016
0.0244717418524251,0.993844170297568,0.460770452136076,0.867161254717843
3.84423798515659e-30,1,0.500000000000001,0.853553390593274
0.0244717418524241,0.993844170297569,0.539229547863923,0.839400372766471
0.0954915028125243,0.975528258147577,0.578217232520115,0.824724024165092
0.206107373853761,0.945503262094184,0.616722681927952,0.809546974654917
0.345491502812525,0.904508497187474,0.654508497187473,0.793892626146237
0.499999999999999,0.853553390593274,0.691341716182545,0.777785116509801
0.654508497187474,0.793892626146236,0.726995249869773,0.761249282357974
0.793892626146232,0.726995249869776,0.761249282357973,0.744310620748478
0.904508497187475,0.654508497187473,0.793892626146237,0.726995249869773
0.975528258147576,0.578217232520118,0.824724024165091,0.709329868768715
1,0.500000000000002,0.853553390593273,0.691341716182545
0.975528258147577,0.421782767479886,0.880202982800015,0.673058528538747
0.904508497187475,0.345491502812527,0.904508497187473,0.654508497187474
0.793892626146237,0.273004750130227,0.926320082177046,0.635720224932537
0.65450849718748,0.206107373853766,0.945503262094183,0.616722681927954
0.499999999999999,0.146446609406726,0.961939766255644,0.597545161008064
0.345491502812524,0.0954915028125258,0.975528258147577,0.578217232520115
0.206107373853767,0.0544967379058171,0.986184960198838,0.558768698728919
0.0954915028125283,0.0244717418524238,0.993844170297569,0.539229547863923
0.024471741852424,0.00615582970243134,0.998458666866564,0.519629907879535
2.93952917401724e-30,7.3488229350431e-31,1,0.5
0.024471741852423,0.00615582970243107,0.998458666866564,0.480370092120466
0.0954915028125263,0.0244717418524232,0.993844170297569,0.460770452136077
0.206107373853764,0.0544967379058163,0.986184960198838,0.441231301271081
0.345491502812521,0.0954915028125247,0.975528258147577,0.421782767479885
0.499999999999996,0.146446609406725,0.961939766255644,0.402454838991936
0.654508497187477,0.206107373853765,0.945503262094184,0.383277318072047
0.793892626146234,0.273004750130225,0.926320082177047,0.364279775067463
0.904508497187473,0.345491502812525,0.904508497187474,0.345491502812527
0.975528258147576,0.421782767479884,0.880202982800016,0.326941471461254
1,0.5,0.853553390593274,0.308658283817455
0.975528258147576,0.578217232520116,0.824724024165092,0.290670131231286
0.904508497187477,0.654508497187471,0.793892626146238,0.273004750130227
0.793892626146234,0.726995249869775,0.761249282357974,0.255689379251522
0.654508497187477,0.793892626146235,0.726995249869774,0.238750717642026
0.500000000000003,0.853553390593273,0.691341716182545,0.222214883490199
0.345491502812528,0.904508497187473,0.654508497187474,0.206107373853764
0.206107373853764,0.945503262094184,0.616722681927953,0.190453025345083
0.0954915028125263,0.975528258147577,0.578217232520115,0.175275975834908
0.0244717418524251,0.993844170297568,0.539229547863924,0.16059962723353
2.90486922996155e-29,1,0.500000000000001,0.146446609406727
0.024471741852424,0.993844170297569,0.460770452136077,0.132838745282157
0.0954915028125241,0.975528258147577,0.421782767479885,0.119797017199985
0.206107373853761,0.945503262094184,0.383277318072048,0.107341534559628
0.345491502812524,0.904508497187474,0.345491502812527,0.0954915028125264
0.499999999999999,0.853553390593274,0.308658283817455,0.0842651938487275
0.654508497187474,0.793892626146237,0.273004750130227,0.0736799178229539
0.793892626146231,0.726995249869776,0.238750717642027,0.0637519964636018
0.904508497187475,0.654508497187473,0.206107373853763,0.054496737905816
0.975528258147575,0.578217232520118,0.175275975834909,0.0459284130874596
1,0.500000000000002,0.146446609406727,0.0380602337443568
0.975528258147578,0.421782767479886,0.119797017199985,0.0309043320387581
0.904508497187475,0.345491502812527,0.0954915028125266,0.0244717418524233
0.793892626146237,0.273004750130227,0.073679917822954,0.0187723817731764
0.654508497187481,0.206107373853766,0.0544967379058169,0.0138150398011619
0.499999999999999,0.146446609406726,0.0380602337443565,0.00960735979838476
0.345491502812525,0.0954915028125258,0.0244717418524231,0.00615582970243111
0.206107373853767,0.0544967379058171,0.013815039801162,0.00346577152253692
0.0954915028125285,0.0244717418524238,0.00615582970243128,0.00154133313343605
0.0244717418524241,0.00615582970243136,0.00154133313343607,0.000385481879638547
3.83938504361436e-30,9.59846260903589e-31,2.39961565225897e-31,5.99903913064743e-32
0.0244717418524229,0.00615582970243105,0.00154133313343599,0.000385481879638527
0.0954915028125262,0.0244717418524232,0.00615582970243113,0.00154133313343601
0.206107373853758,0.0544967379058146,0.0138150398011613,0.00346577152253676
0.345491502812521,0.0954915028125247,0.0244717418524228,0.00615582970243103
0.499999999999995,0.146446609406725,0.0380602337443562,0.00960735979838466
0.654508497187477,0.206107373853765,0.0544967379058164,0.0138150398011618
0.79389262614624,0.273004750130229,0.0736799178229544,0.0187723817731765
0.904508497187468,0.345491502812522,0.0954915028125249,0.0244717418524229
0.975528258147576,0.421782767479884,0.119797017199984,0.0309043320387579
1,0.5,0.146446609406726,0.0380602337443566
0.975528258147577,0.578217232520116,0.175275975834908,0.0459284130874594
0.904508497187473,0.654508497187475,0.206107373853764,0.0544967379058161
0.79389262614624,0.726995249869771,0.238750717642025,0.0637519964636012
0.654508497187477,0.793892626146235,0.273004750130226,0.0736799178229536
0.500000000000003,0.853553390593273,0.308658283817454,0.0842651938487272
0.345491502812528,0.904508497187473,0.345491502812526,0.0954915028125261
0.206107373853759,0.945503262094185,0.383277318072049,0.107341534559628
0.0954915028125306,0.975528258147576,0.421782767479883,0.119797017199984
0.0244717418524252,0.993844170297568,0.460770452136076,0.132838745282157
2.16329417632678e-30,1,0.5,0.146446609406726
0.0244717418524239,0.993844170297569,0.539229547863923,0.160599627233529
0.0954915028125282,0.975528258147576,0.578217232520116,0.175275975834909
0.206107373853755,0.945503262094186,0.61672268192795,0.190453025345082
0.345491502812524,0.904508497187474,0.654508497187473,0.206107373853763
0.499999999999999,0.853553390593274,0.691341716182544,0.222214883490199
0.654508497187473,0.793892626146237,0.726995249869773,0.238750717642026
0.793892626146237,0.726995249869773,0.761249282357975,0.255689379251523
0.904508497187471,0.654508497187477,0.793892626146235,0.273004750130226
0.975528258147575,0.578217232520118,0.824724024165091,0.290670131231285
1,0.500000000000002,0.853553390593273,0.308658283817455
0.975528258147578,0.421782767479886,0.880202982800015,0.326941471461253
0.904508497187471,0.345491502812524,0.904508497187475,0.345491502812527
0.793892626146243,0.27300475013023,0.926320082177045,0.364279775067462
0.654508497187481,0.206107373853766,0.945503262094183,0.383277318072046
0.499999999999999,0.146446609406726,0.961939766255643,0.402454838991936
0.345491502812525,0.0954915028125259,0.975528258147577,0.421782767479885
0.206107373853762,0.0544967379058156,0.986184960198839,0.441231301271082
0.0954915028125286,0.0244717418524238,0.993844170297569,0.460770452136077
0.0244717418524242,0.00615582970243138,0.998458666866564,0.480370092120465
4.85922169582442e-30,1.2148054239561e-30,1,0.5
0.0244717418524228,0.00615582970243103,0.998458666866564,0.519629907879534
0.095491502812526,0.0244717418524231,0.993844170297569,0.539229547863923
0.206107373853758,0.0544967379058146,0.986184960198839,0.558768698728918
0.345491502812521,0.0954915028125246,0.975528258147577,0.578217232520115
0.499999999999995,0.146446609406724,0.961939766255644,0.597545161008064
0.654508497187477,0.206107373853765,0.945503262094184,0.616722681927953
0.79389262614624,0.273004750130228,0.926320082177046,0.635720224932538
0.904508497187468,0.345491502812522,0.904508497187475,0.654508497187473
0.975528258147576,0.421782767479884,0.880202982800016,0.673058528538746
1,0.5,0.853553390593274,0.691341716182545
0.975528258147577,0.578217232520116,0.824724024165092,0.709329868768714
0.904508497187473,0.654508497187474,0.793892626146236,0.726995249869773
0.793892626146241,0.726995249869771,0.761249282357976,0.744310620748477
0.654508497187478,0.793892626146235,0.726995249869774,0.761249282357974
0.500000000000003,0.853553390593273,0.691341716182546,0.777785116509801
0.345491502812528,0.904508497187473,0.654508497187474,0.793892626146236
0.206107373853759,0.945503262094185,0.616722681927951,0.809546974654918
0.0954915028125308,0.975528258147576,0.578217232520117,0.824724024165091
0.0244717418524253,0.993844170297568,0.539229547863924,0.83940037276647
3.45690211520597e-29,1,0.500000000000001,0.853553390593273
0.0244717418524239,0.993844170297569,0.460770452136077,0.867161254717843
0.0954915028125281,0.975528258147576,0.421782767479884,0.880202982800016
0.206107373853755,0.945503262094186,0.38327731807205,0.892658465440372
0.345491502812524,0.904508497187475,0.345491502812527,0.904508497187474
0.499999999999999,0.853553390593274,0.308658283817455,0.915734806151273
0.654508497187473,0.793892626146237,0.273004750130227,0.926320082177046
0.793892626146237,0.726995249869773,0.238750717642026,0.936248003536398
0.90450849718747,0.654508497187477,0.206107373853765,0.945503262094184
0.975528258147575,0.578217232520118,0.175275975834909,0.95407158691254
1,0.500000000000002,0.146446609406727,0.961939766255643
0.975528258147578,0.421782767479886,0.119797017199985,0.969095667961242
0.904508497187471,0.345491502812524,0.0954915028125256,0.975528258147577
0.793892626146244,0.27300475013023,0.073679917822955,0.981227618226823
0.654508497187481,0.206107373853767,0.054496737905817,0.986184960198838
0.5,0.146446609406726,0.0380602337443566,0.990392640201615
0.345491502812525,0.095491502812526,0.0244717418524231,0.993844170297569
0.206107373853762,0.0544967379058156,0.0138150398011616,0.996534228477463
0.0954915028125288,0.0244717418524239,0.0061558297024313,0.998458666866564
0.0244717418524242,0.0061558297024314,0.00154133313343608,0.999614518120361
5.99903913064743e-30,1.49975978266186e-30,3.74939945665464e-31,1
0.0244717418524227,0.00615582970243102,0.00154133313343598,0.999614518120361
0.0954915028125259,0.0244717418524231,0.00615582970243111,0.998458666866564
0.206107373853758,0.0544967379058145,0.0138150398011613,0.996534228477463
0.345491502812521,0.0954915028125245,0.0244717418524227,0.993844170297569
0.499999999999995,0.146446609406724,0.0380602337443561,0.990392640201615
0.654508497187477,0.206107373853765,0.0544967379058164,0.986184960198838
0.79389262614624,0.273004750130228,0.0736799178229544,0.981227618226823
0.904508497187468,0.345491502812522,0.0954915028125249,0.975528258147577
0.975528258147576,0.421782767479884,0.119797017199984,0.969095667961242
1,0.499999999999996,0.146446609406725,0.961939766255644
0.975528258147577,0.578217232520116,0.175275975834908,0.954071586912541
0.904508497187469,0.654508497187478,0.206107373853765,0.945503262094183
0.793892626146247,0.726995249869768,0.238750717642023,0.936248003536399
0.654508497187478,0.793892626146235,0.273004750130226,0.926320082177046
0.499999999999996,0.853553390593275,0.308658283817456,0.915734806151272
0.345491502812529,0.904508497187473,0.345491502812526,0.904508497187474
0.206107373853759,0.945503262094185,0.383277318072049,0.892658465440372
0.0954915028125267,0.975528258147577,0.421782767479884,0.880202982800016
0.0244717418524254,0.993844170297568,0.460770452136076,0.867161254717843
9.62273497948765e-31,1,0.5,0.853553390593274
0.0244717418524216,0.993844170297569,0.539229547863921,0.839400372766471
0.0954915028125279,0.975528258147576,0.578217232520116,0.824724024165091
0.206107373853761,0.945503262094185,0.616722681927952,0.809546974654917
0.345491502812517,0.904508497187477,0.654508497187471,0.793892626146238
0.499999999999998,0.853553390593274,0.691341716182544,0.777785116509801
0.65450849718748,0.793892626146234,0.726995249869775,0.761249282357974
0.793892626146237,0.726995249869773,0.761249282357975,0.744310620748478
0.90450849718747,0.654508497187477,0.793892626146235,0.726995249869774
0.975528258147577,0.578217232520115,0.824724024165092,0.709329868768714
1,0.500000000000002,0.853553390593273,0.691341716182545
0.975528258147576,0.421782767479883,0.880202982800016,0.673058528538746
0.904508497187475,0.345491502812528,0.904508497187473,0.654508497187474
0.793892626146244,0.273004750130231,0.926320082177045,0.635720224932538
0.654508497187475,0.206107373853764,0.945503262094184,0.616722681927953
0.500000000000007,0.146446609406729,0.961939766255643,0.597545161008065
0.345491502812525,0.095491502812526,0.975528258147577,0.578217232520115
0.206107373853756,0.0544967379058141,0.986184960198839,0.558768698728918
0.0954915028125331,0.024471741852425,0.993844170297568,0.539229547863924
0.0244717418524243,0.00615582970243142,0.998458666866564,0.519629907879535
9.60331463104926e-29,2.40082865776231e-29,1,0.500000000000001
0.0244717418524227,0.006155829702431,0.998458666866564,0.480370092120466
0.0954915028125299,0.0244717418524242,0.993844170297569,0.460770452136077
0.206107373853752,0.0544967379058128,0.986184960198839,0.441231301271083
0.34549150281252,0.0954915028125245,0.975528258147577,0.421782767479885
0.500000000000002,0.146446609406727,0.961939766255643,0.402454838991936
0.654508497187469,0.206107373853762,0.945503262094184,0.383277318072048
0.793892626146239,0.273004750130228,0.926320082177046,0.364279775067463
0.904508497187472,0.345491502812525,0.904508497187474,0.345491502812527
0.975528258147574,0.42178276747988,0.880202982800017,0.326941471461255
1,0.499999999999999,0.853553390593274,0.308658283817455
0.975528258147579,0.578217232520112,0.824724024165093,0.290670131231287
0.904508497187473,0.654508497187474,0.793892626146236,0.273004750130227
0.793892626146241,0.726995249869771,0.761249282357976,0.255689379251523
0.654508497187485,0.793892626146232,0.726995249869776,0.238750717642027
0.500000000000004,0.853553390593273,0.691341716182546,0.222214883490199
0.345491502812522,0.904508497187475,0.654508497187473,0.206107373853763
0.206107373853765,0.945503262094183,0.616722681927953,0.190453025345083
0.0954915028125311,0.975528258147576,0.578217232520117,0.175275975834909
0.0244717418524233,0.993844170297569,0.539229547863923,0.160599627233529
4.05692731349557e-29,1,0.500000000000002,0.146446609406727
0.0244717418524237,0.993844170297569,0.460770452136077,0.132838745282157
0.0954915028125236,0.975528258147577,0.421782767479886,0.119797017199985
0.206107373853755,0.945503262094186,0.38327731807205,0.107341534559628
0.345491502812524,0.904508497187475,0.345491502812527,0.0954915028125265
0.499999999999991,0.853553390593277,0.308658283817457,0.084265193848728
0.654508497187473,0.793892626146237,0.273004750130227,0.073679917822954
0.793892626146242,0.72699524986977,0.238750717642024,0.063751996463601
0.904508497187466,0.65450849718748,0.206107373853766,0.0544967379058168
0.975528258147575,0.578217232520118,0.175275975834909,0.0459284130874596
1,0.499999999999999,0.146446609406726,0.0380602337443565
0.975528258147578,0.421782767479886,0.119797017199985,0.0309043320387581
0.904508497187471,0.345491502812524,0.0954915028125256,0.0244717418524231
0.793892626146238,0.273004750130227,0.0736799178229542,0.0187723817731764
0.654508497187481,0.206107373853767,0.054496737905817,0.0138150398011619
0.5,0.146446609406726,0.0380602337443566,0.00960735979838478
0.345491502812532,0.0954915028125282,0.0244717418524237,0.00615582970243126
0.206107373853762,0.0544967379058157,0.0138150398011616,0.00346577152253683
0.095491502812529,0.0244717418524239,0.00615582970243132,0.00154133313343606
0.0244717418524266,0.00615582970243199,0.00154133313343623,0.000385481879638586
8.6386163481323e-30,2.15965408703307e-30,5.39913521758269e-31,1.34978380439567e-31
0.0244717418524248,0.00615582970243153,0.00154133313343611,0.000385481879638557
0.0954915028125256,0.024471741852423,0.00615582970243109,0.001541333133436
0.206107373853757,0.0544967379058144,0.0138150398011613,0.00346577152253674
0.345491502812527,0.0954915028125265,0.0244717418524233,0.00615582970243115
0.499999999999994,0.146446609406724,0.0380602337443561,0.00960735979838464
0.654508497187476,0.206107373853764,0.0544967379058163,0.0138150398011618
0.793892626146233,0.273004750130225,0.0736799178229534,0.0187723817731762
0.904508497187468,0.345491502812521,0.0954915028125248,0.0244717418524228
0.975528258147576,0.421782767479884,0.119797017199984,0.0309043320387578
1,0.499999999999996,0.146446609406725,0.0380602337443562
0.975528258147577,0.578217232520115,0.175275975834908,0.0459284130874593
0.904508497187469,0.654508497187477,0.206107373853765,0.0544967379058165
0.793892626146247,0.726995249869768,0.238750717642023,0.0637519964636006
0.654508497187478,0.793892626146235,0.273004750130226,0.0736799178229536
0.499999999999997,0.853553390593275,0.308658283817456,0.0842651938487276
0.345491502812529,0.904508497187473,0.345491502812525,0.0954915028125261
0.206107373853759,0.945503262094185,0.383277318072049,0.107341534559628
0.095491502812527,0.975528258147577,0.421782767479884,0.119797017199984
0.0244717418524255,0.993844170297568,0.460770452136076,0.132838745282157
2.41175950022543e-31,1,0.5,0.146446609406726
0.0244717418524214,0.993844170297569,0.539229547863921,0.160599627233529
0.0954915028125276,0.975528258147576,0.578217232520116,0.175275975834908
0.20610737385376,0.945503262094185,0.616722681927952,0.190453025345083
0.345491502812517,0.904508497187477,0.654508497187471,0.206107373853762
0.499999999999998,0.853553390593275,0.691341716182544,0.222214883490199
0.654508497187479,0.793892626146234,0.726995249869775,0.238750717642026
0.793892626146236,0.726995249869773,0.761249282357974,0.255689379251522
0.90450849718747,0.654508497187477,0.793892626146235,0.273004750130226
0.975528258147577,0.578217232520115,0.824724024165092,0.290670131231286
1,0.500000000000002,0.853553390593273,0.308658283817455
0.975528258147576,0.421782767479883,0.880202982800016,0.326941471461254
0.904508497187476,0.345491502812528,0.904508497187473,0.345491502812526
0.793892626146244,0.273004750130231,0.926320082177045,0.364279775067462
0.654508497187475,0.206107373853764,0.945503262094184,0.383277318072047
0.500000000000008,0.146446609406729,0.961939766255643,0.402454838991935
0.345491502812526,0.0954915028125262,0.975528258147577,0.421782767479885
0.206107373853757,0.0544967379058142,0.986184960198839,0.441231301271082
0.0954915028125334,0.0244717418524251,0.993844170297568,0.460770452136076
0.0244717418524245,0.00615582970243145,0.998458666866564,0.480370092120465
1.53769519406264e-29,3.84423798515659e-30,1,0.500000000000001
0.0244717418524225,0.00615582970243096,0.998458666866564,0.519629907879534
0.0954915028125296,0.0244717418524241,0.993844170297569,0.539229547863923
0.206107373853751,0.0544967379058127,0.986184960198839,0.558768698728917
0.34549150281252,0.0954915028125243,0.975528258147577,0.578217232520115
0.500000000000001,0.146446609406727,0.961939766255643,0.597545161008064
0.654508497187469,0.206107373853761,0.945503262094184,0.616722681927952
0.793892626146239,0.273004750130228,0.926320082177046,0.635720224932537
0.904508497187472,0.345491502812525,0.904508497187474,0.654508497187473
0.975528258147574,0.42178276747988,0.880202982800017,0.673058528538745
1,0.499999999999999,0.853553390593274,0.691341716182545
0.975528258147579,0.578217232520112,0.824724024165093,0.709329868768713
0.904508497187474,0.654508497187474,0.793892626146236,0.726995249869773
0.793892626146241,0.726995249869771,0.761249282357976,0.744310620748477
0.654508497187485,0.793892626146232,0.726995249869776,0.761249282357973
0.500000000000004,0.853553390593272,0.691341716182546,0.777785116509801
0.345491502812523,0.904508497187475,0.654508497187473,0.793892626146237
0.206107373853765,0.945503262094183,0.616722681927953,0.809546974654917
0.0954915028125314,0.975528258147576,0.578217232520118,0.824724024165091
0.0244717418524234,0.993844170297569,0.539229547863923,0.839400372766471
4.70494482483034e-29,1,0.500000000000002,0.853553390593273
0.0244717418524236,0.993844170297569,0.460770452136077,0.867161254717843
0.0954915028125233,0.975528258147577,0.421782767479886,0.880202982800015
0.206107373853754,0.945503262094186,0.38327731807205,0.892658465440372
0.345491502812523,0.904508497187475,0.345491502812527,0.904508497187473
0.499999999999991,0.853553390593277,0.308658283817457,0.915734806151272
0.654508497187472,0.793892626146237,0.273004750130227,0.926320082177046
0.793892626146242,0.72699524986977,0.238750717642024,0.936248003536399
0.904508497187465,0.65450849718748,0.206107373853766,0.945503262094183
0.975528258147575,0.578217232520118,0.175275975834909,0.95407158691254
1,0.499999999999999,0.146446609406726,0.961939766255644
0.975528258147578,0.421782767479887,0.119797017199985,0.969095667961242
0.904508497187472,0.345491502812524,0.0954915028125258,0.975528258147577
0.793892626146239,0.273004750130228,0.0736799178229542,0.981227618226824
0.654508497187482,0.206107373853767,0.0544967379058171,0.986184960198838
0.500000000000001,0.146446609406726,0.0380602337443567,0.990392640201615
0.345491502812533,0.0954915028125283,0.0244717418524238,0.993844170297569
0.206107373853763,0.0544967379058158,0.0138150398011616,0.996534228477463
0.0954915028125293,0.024471741852424,0.00615582970243134,0.998458666866564
0.0244717418524267,0.00615582970243203,0.00154133313343624,0.999614518120361
1.1758116696069e-29,2.93952917401724e-30,7.3488229350431e-31,1
0.0244717418524246,0.00615582970243149,0.0015413331334361,0.999614518120361
0.0954915028125253,0.024471741852423,0.00615582970243107,0.998458666866564
0.206107373853757,0.0544967379058143,0.0138150398011612,0.996534228477463
0.345491502812526,0.0954915028125263,0.0244717418524232,0.993844170297569
0.499999999999994,0.146446609406724,0.038060233744356,0.990392640201615
0.654508497187476,0.206107373853764,0.0544967379058163,0.986184960198838
0.793892626146233,0.273004750130225,0.0736799178229533,0.981227618226824
0.904508497187468,0.345491502812521,0.0954915028125247,0.975528258147577
0.975528258147576,0.421782767479883,0.119797017199984,0.969095667961242
1,0.499999999999996,0.146446609406725,0.961939766255644
0.975528258147577,0.578217232520115,0.175275975834908,0.954071586912541
0.904508497187469,0.654508497187477,0.206107373853765,0.945503262094184
0.793892626146247,0.726995249869767,0.238750717642023,0.936248003536399
0.654508497187479,0.793892626146234,0.273004750130225,0.926320082177047
0.499999999999997,0.853553390593275,0.308658283817456,0.915734806151273
0.34549150281253,0.904508497187473,0.345491502812525,0.904508497187474
0.20610737385376,0.945503262094185,0.383277318072048,0.892658465440372
0.0954915028125273,0.975528258147576,0.421782767479884,0.880202982800016
0.0244717418524257,0.993844170297568,0.460770452136076,0.867161254717843
1.53254811388531e-36,1,0.5,0.853553390593274
0.0244717418524213,0.993844170297569,0.539229547863921,0.839400372766471
0.0954915028125273,0.975528258147576,0.578217232520116,0.824724024165092
0.20610737385376,0.945503262094185,0.616722681927952,0.809546974654918
0.345491502812516,0.904508497187477,0.654508497187471,0.793892626146238
0.499999999999997,0.853553390593275,0.691341716182544,0.777785116509801
0.654508497187479,0.793892626146234,0.726995249869775,0.761249282357974
0.793892626146236,0.726995249869774,0.761249282357974,0.744310620748478
0.904508497187469,0.654508497187477,0.793892626146235,0.726995249869774
0.975528258147577,0.578217232520115,0.824724024165092,0.709329868768714
1,0.500000000000003,0.853553390593273,0.691341716182545
0.975528258147576,0.421782767479883,0.880202982800016,0.673058528538746
0.904508497187476,0.345491502812528,0.904508497187473,0.654508497187474
0.793892626146245,0.273004750130231,0.926320082177045,0.635720224932538
0.654508497187476,0.206107373853764,0.945503262094184,0.616722681927953
0.500000000000008,0.146446609406729,0.961939766255643,0.597545161008065
0.345491502812526,0.0954915028125263,0.975528258147577,0.578217232520115
0.206107373853757,0.0544967379058143,0.986184960198839,0.558768698728918
0.0954915028125336,0.0244717418524251,0.993844170297568,0.539229547863924
0.0244717418524246,0.00615582970243149,0.998458666866564,0.519629907879535
1.16194769198462e-28,2.90486922996155e-29,1,0.500000000000001
0.0244717418524224,0.00615582970243092,0.998458666866564,0.480370092120466
0.0954915028125293,0.024471741852424,0.993844170297569,0.460770452136077
0.206107373853751,0.0544967379058126,0.986184960198839,0.441231301271083
0.345491502812519,0.0954915028125241,0.975528258147577,0.421782767479885
0.500000000000001,0.146446609406726,0.961939766255643,0.402454838991936
0.654508497187469,0.206107373853761,0.945503262094184,0.383277318072048
0.793892626146239,0.273004750130228,0.926320082177046,0.364279775067463
0.904508497187472,0.345491502812524,0.904508497187474,0.345491502812527
0.975528258147574,0.42178276747988,0.880202982800017,0.326941471461255
1,0.499999999999999,0.853553390593274,0.308658283817455
0.975528258147579,0.578217232520111,0.824724024165093,0.290670131231287
0.904508497187474,0.654508497187474,0.793892626146237,0.273004750130227
0.793892626146242,0.72699524986977,0.761249282357976,0.255689379251523
0.654508497187486,0.793892626146231,0.726995249869776,0.238750717642027
0.500000000000005,0.853553390593272,0.691341716182546,0.222214883490199
0.345491502812523,0.904508497187475,0.654508497187473,0.206107373853763
0.206107373853766,0.945503262094183,0.616722681927953,0.190453025345083
0.0954915028125317,0.975528258147575,0.578217232520118,0.175275975834909
0.0244717418524236,0.993844170297569,0.539229547863923,0.160599627233529
5.40095464921029e-29,1,0.500000000000002,0.146446609406727
0.0244717418524234,0.993844170297569,0.460770452136077,0.132838745282157
0.095491502812523,0.975528258147578,0.421782767479886,0.119797017199985
0.206107373853754,0.945503262094187,0.38327731807205,0.107341534559628
0.345491502812523,0.904508497187475,0.345491502812527,0.0954915028125266
0.49999999999999,0.853553390593277,0.308658283817457,0.0842651938487281
0.654508497187472,0.793892626146237,0.273004750130227,0.073679917822954
0.793892626146241,0.726995249869771,0.238750717642024,0.0637519964636011
0.904508497187465,0.654508497187481,0.206107373853766,0.0544967379058169
0.975528258147575,0.578217232520119,0.175275975834909,0.0459284130874597
1,0.499999999999999,0.146446609406726,0.0380602337443565
0.975528258147578,0.421782767479887,0.119797017199985,0.0309043320387581
0.904508497187472,0.345491502812525,0.0954915028125258,0.0244717418524231
0.793892626146239,0.273004750130228,0.0736799178229543,0.0187723817731765
0.654508497187482,0.206107373853767,0.0544967379058171,0.013815039801162
0.500000000000001,0.146446609406727,0.0380602337443567,0.00960735979838481
0.345491502812533,0.0954915028125285,0.0244717418524238,0.00615582970243128
0.206107373853763,0.0544967379058159,0.0138150398011617,0.00346577152253684
0.0954915028125296,0.0244717418524241,0.00615582970243136,0.00154133313343607
0.0244717418524269,0.00615582970243207,0.00154133313343625,0.000385481879638591
1.53575401744574e-29,3.83938504361436e-30,9.59846260903589e-31,2.39961565225897e-31
0.0244717418524201,0.00615582970243034,0.00154133313343581,0.000385481879638483
0.095491502812525,0.0244717418524229,0.00615582970243105,0.00154133313343599
0.206107373853757,0.0544967379058142,0.0138150398011612,0.00346577152253673
0.345491502812526,0.0954915028125262,0.0244717418524232,0.00615582970243113
0.499999999999993,0.146446609406724,0.038060233744356,0.00960735979838461
0.654508497187462,0.206107373853758,0.0544967379058146,0.0138150398011613
0.793892626146233,0.273004750130224,0.0736799178229533,0.0187723817731762
0.904508497187467,0.345491502812521,0.0954915028125247,0.0244717418524228
0.97552825814758,0.42178276747989,0.119797017199986,0.0309043320387584
1,0.499999999999995,0.146446609406725,0.0380602337443562
0.975528258147582,0.578217232520108,0.175275975834905,0.0459284130874585
0.90450849718747,0.654508497187477,0.206107373853765,0.0544967379058164
0.793892626146248,0.726995249869767,0.238750717642023,0.0637519964636006
0.654508497187466,0.79389262614624,0.273004750130229,0.0736799178229544
0.499999999999998,0.853553390593275,0.308658283817456,0.0842651938487275
0.345491502812544,0.904508497187468,0.345491502812522,0.0954915028125249
0.20610737385376,0.945503262094185,0.383277318072048,0.107341534559628
0.0954915028125276,0.975528258147576,0.421782767479884,0.119797017199984
0.0244717418524214,0.993844170297569,0.460770452136079,0.132838745282158
2.3875024552548e-31,1,0.5,0.146446609406726
0.0244717418524211,0.993844170297569,0.539229547863921,0.160599627233528
0.095491502812527,0.975528258147577,0.578217232520116,0.175275975834908
0.206107373853759,0.945503262094185,0.616722681927952,0.190453025345083
0.345491502812529,0.904508497187473,0.654508497187475,0.206107373853764
0.499999999999997,0.853553390593275,0.691341716182544,0.222214883490199
0.654508497187465,0.79389262614624,0.726995249869771,0.238750717642025
0.793892626146235,0.726995249869774,0.761249282357974,0.255689379251522
0.904508497187469,0.654508497187477,0.793892626146235,0.273004750130226
0.975528258147577,0.578217232520115,0.824724024165092,0.290670131231286
1,0.500000000000003,0.853553390593273,0.308658283817454
0.975528258147581,0.42178276747989,0.880202982800013,0.326941471461252
0.904508497187476,0.345491502812528,0.904508497187473,0.345491502812526
0.793892626146245,0.273004750130231,0.926320082177045,0.364279775067462
0.654508497187462,0.206107373853759,0.945503262094185,0.383277318072049
0.500000000000009,0.146446609406729,0.961939766255642,0.402454838991935
0.34549150281254,0.0954915028125306,0.975528258147576,0.421782767479883
0.206107373853757,0.0544967379058144,0.986184960198839,0.441231301271082
0.0954915028125339,0.0244717418524252,0.993844170297568,0.460770452136076
0.0244717418524204,0.00615582970243042,0.998458666866564,0.480370092120467
8.65317670530713e-30,2.16329417632678e-30,1,0.5
0.0244717418524178,0.00615582970242977,0.998458666866564,0.519629907879532
0.095491502812529,0.0244717418524239,0.993844170297569,0.539229547863923
0.206107373853751,0.0544967379058125,0.986184960198839,0.558768698728917
0.345491502812532,0.0954915028125282,0.975528258147576,0.578217232520116
0.5,0.146446609406726,0.961939766255643,0.597545161008064
0.654508497187455,0.206107373853755,0.945503262094186,0.61672268192795
0.793892626146238,0.273004750130227,0.926320082177046,0.635720224932537
0.904508497187471,0.345491502812524,0.904508497187474,0.654508497187473
0.975528258147578,0.421782767479886,0.880202982800015,0.673058528538747
1,0.499999999999999,0.853553390593274,0.691341716182544
0.975528258147579,0.578217232520111,0.824724024165094,0.709329868768713
0.904508497187474,0.654508497187473,0.793892626146237,0.726995249869773
0.793892626146242,0.72699524986977,0.761249282357976,0.744310620748477
0.654508497187473,0.793892626146237,0.726995249869773,0.761249282357975
0.500000000000005,0.853553390593272,0.691341716182546,0.777785116509801
0.345491502812537,0.904508497187471,0.654508497187477,0.793892626146235
0.206107373853766,0.945503262094183,0.616722681927954,0.809546974654917
0.0954915028125319,0.975528258147575,0.578217232520118,0.824724024165091
0.0244717418524237,0.993844170297569,0.539229547863923,0.839400372766471
6.14495678663543e-29,1,0.500000000000002,0.853553390593273
0.0244717418524189,0.99384417029757,0.460770452136081,0.867161254717842
0.0954915028125227,0.975528258147578,0.421782767479886,0.880202982800015
0.206107373853753,0.945503262094187,0.38327731807205,0.892658465440371
0.345491502812536,0.904508497187471,0.345491502812524,0.904508497187475
0.49999999999999,0.853553390593277,0.308658283817458,0.915734806151272
0.654508497187458,0.793892626146243,0.27300475013023,0.926320082177045
0.793892626146241,0.726995249869771,0.238750717642024,0.936248003536399
0.904508497187465,0.654508497187481,0.206107373853766,0.945503262094183
0.975528258147579,0.578217232520112,0.175275975834907,0.954071586912541
1,0.499999999999999,0.146446609406726,0.961939766255643
0.975528258147583,0.421782767479894,0.119797017199988,0.969095667961241
0.904508497187472,0.345491502812525,0.0954915028125259,0.975528258147577
0.793892626146239,0.273004750130228,0.0736799178229543,0.981227618226823
0.654508497187469,0.206107373853762,0.0544967379058156,0.986184960198839
0.500000000000002,0.146446609406727,0.0380602337443568,0.990392640201615
0.345491502812534,0.0954915028125286,0.0244717418524238,0.993844170297569
0.206107373853763,0.0544967379058161,0.0138150398011617,0.996534228477463
0.0954915028125299,0.0244717418524242,0.00615582970243138,0.998458666866564
0.0244717418524226,0.006155829702431,0.00154133313343598,0.999614518120361
1.94368867832977e-29,4.85922169582442e-30,1.2148054239561e-30,1
0.0244717418524199,0.0061558297024303,0.0015413331334358,0.999614518120362
0.0954915028125247,0.0244717418524228,0.00615582970243103,0.998458666866564
0.206107373853756,0.0544967379058141,0.0138150398011612,0.996534228477463
0.345491502812525,0.095491502812526,0.0244717418524231,0.993844170297569
0.499999999999993,0.146446609406724,0.0380602337443559,0.990392640201615
0.654508497187461,0.206107373853758,0.0544967379058146,0.986184960198839
0.793892626146232,0.273004750130224,0.0736799178229532,0.981227618226824
0.904508497187467,0.345491502812521,0.0954915028125246,0.975528258147577
0.97552825814758,0.42178276747989,0.119797017199986,0.969095667961242
1,0.499999999999995,0.146446609406724,0.961939766255644
0.975528258147582,0.578217232520107,0.175275975834905,0.954071586912541
0.90450849718747,0.654508497187477,0.206107373853765,0.945503262094184
0.793892626146248,0.726995249869767,0.238750717642023,0.936248003536399
0.654508497187466,0.79389262614624,0.273004750130228,0.926320082177046
0.499999999999998,0.853553390593274,0.308658283817456,0.915734806151273
0.345491502812544,0.904508497187468,0.345491502812522,0.904508497187475
0.206107373853761,0.945503262094185,0.383277318072048,0.892658465440372
0.0954915028125279,0.975528258147576,0.421782767479884,0.880202982800016
0.0244717418524216,0.993844170297569,0.460770452136079,0.867161254717842
9.5742208895464e-31,1,0.5,0.853553390593274
0.024471741852421,0.99384417029757,0.539229547863921,0.839400372766472
0.0954915028125267,0.975528258147577,0.578217232520116,0.824724024165092
0.206107373853759,0.945503262094185,0.616722681927951,0.809546974654918
0.345491502812529,0.904508497187473,0.654508497187474,0.793892626146236
0.499999999999996,0.853553390593275,0.691341716182544,0.777785116509802
0.654508497187464,0.793892626146241,0.726995249869771,0.761249282357976
0.793892626146235,0.726995249869774,0.761249282357974,0.744310620748478
0.904508497187469,0.654508497187478,0.793892626146235,0.726995249869774
0.975528258147577,0.578217232520116,0.824724024165092,0.709329868768714
1,0.500000000000003,0.853553390593273,0.691341716182546
0.975528258147581,0.421782767479891,0.880202982800013,0.673058528538748
0.904508497187476,0.345491502812528,0.904508497187473,0.654508497187474
0.793892626146245,0.273004750130231,0.926320082177045,0.635720224932539
0.654508497187463,0.206107373853759,0.945503262094185,0.616722681927951
0.500000000000009,0.146446609406729,0.961939766255642,0.597545161008065
0.345491502812541,0.0954915028125308,0.975528258147576,0.578217232520117
0.206107373853758,0.0544967379058145,0.986184960198839,0.558768698728918
0.0954915028125342,0.0244717418524253,0.993844170297568,0.539229547863924
0.0244717418524205,0.00615582970243046,0.998458666866564,0.519629907879533
1.38276084608239e-28,3.45690211520597e-29,1,0.500000000000001
0.0244717418524177,0.00615582970242973,0.998458666866564,0.480370092120468
0.0954915028125288,0.0244717418524239,0.993844170297569,0.460770452136077
0.20610737385375,0.0544967379058124,0.986184960198839,0.441231301271083
0.345491502812532,0.0954915028125281,0.975528258147576,0.421782767479884
0.5,0.146446609406726,0.961939766255643,0.402454838991936
0.654508497187454,0.206107373853755,0.945503262094186,0.38327731807205
0.793892626146238,0.273004750130227,0.926320082177046,0.364279775067463
0.904508497187471,0.345491502812524,0.904508497187475,0.345491502812527
0.975528258147578,0.421782767479886,0.880202982800015,0.326941471461253
1,0.499999999999999,0.853553390593274,0.308658283817455
0.97552825814758,0.578217232520111,0.824724024165094,0.290670131231287
0.904508497187475,0.654508497187473,0.793892626146237,0.273004750130227
0.793892626146243,0.72699524986977,0.761249282357976,0.255689379251523
0.654508497187473,0.793892626146237,0.726995249869773,0.238750717642026
0.500000000000006,0.853553390593272,0.691341716182546,0.222214883490199
0.345491502812538,0.90450849718747,0.654508497187477,0.206107373853765
0.206107373853767,0.945503262094183,0.616722681927954,0.190453025345083
0.0954915028125322,0.975528258147575,0.578217232520118,0.175275975834909
0.0244717418524239,0.993844170297569,0.539229547863923,0.160599627233529
6.93695123710574e-29,1,0.500000000000002,0.146446609406727
0.0244717418524187,0.99384417029757,0.460770452136081,0.132838745282158
0.0954915028125224,0.975528258147578,0.421782767479886,0.119797017199985
0.206107373853753,0.945503262094187,0.38327731807205,0.107341534559629
0.345491502812535,0.904508497187471,0.345491502812524,0.0954915028125256
0.499999999999989,0.853553390593278,0.308658283817458,0.0842651938487281
0.654508497187457,0.793892626146244,0.27300475013023,0.073679917822955
0.793892626146241,0.726995249869771,0.238750717642024,0.0637519964636011
0.904508497187465,0.654508497187481,0.206107373853767,0.054496737905817
0.975528258147579,0.578217232520112,0.175275975834907,0.045928413087459
1,0.5,0.146446609406726,0.0380602337443566
0.975528258147583,0.421782767479894,0.119797017199988,0.0309043320387588
0.904508497187472,0.345491502812525,0.095491502812526,0.0244717418524231
0.79389262614624,0.273004750130228,0.0736799178229544,0.0187723817731765
0.65450849718747,0.206107373853762,0.0544967379058156,0.0138150398011616
0.500000000000002,0.146446609406727,0.0380602337443568,0.00960735979838483
0.345491502812534,0.0954915028125288,0.0244717418524239,0.0061558297024313
0.206107373853764,0.0544967379058162,0.0138150398011617,0.00346577152253686
0.0954915028125302,0.0244717418524242,0.0061558297024314,0.00154133313343608
0.0244717418524228,0.00615582970243103,0.00154133313343599,0.000385481879638526
2.39961565225897e-29,5.99903913064743e-30,1.49975978266186e-30,3.74939945665464e-31
0.0244717418524198,0.00615582970243027,0.00154133313343579,0.000385481879638478
0.0954915028125245,0.0244717418524227,0.00615582970243102,0.00154133313343598
0.206107373853756,0.0544967379058139,0.0138150398011612,0.00346577152253671
0.345491502812525,0.0954915028125259,0.0244717418524231,0.00615582970243111
0.499999999999992,0.146446609406724,0.0380602337443559,0.00960735979838459
0.654508497187461,0.206107373853758,0.0544967379058145,0.0138150398011613
0.793892626146232,0.273004750130224,0.0736799178229531,0.0187723817731762
0.904508497187467,0.345491502812521,0.0954915028125245,0.0244717418524227
0.97552825814758,0.42178276747989,0.119797017199986,0.0309043320387584
1,0.499999999999995,0.146446609406724,0.0380602337443561
0.975528258147582,0.578217232520107,0.175275975834905,0.0459284130874585
0.904508497187471,0.654508497187477,0.206107373853765,0.0544967379058164
0.793892626146248,0.726995249869767,0.238750717642022,0.0637519964636005
0.654508497187467,0.79389262614624,0.273004750130228,0.0736799178229544
0.500000000000013,0.853553390593269,0.308658283817452,0.0842651938487265
0.345491502812545,0.904508497187468,0.345491502812522,0.0954915028125249
0.206107373853761,0.945503262094185,0.383277318072048,0.107341534559628
0.0954915028125282,0.975528258147576,0.421782767479884,0.119797017199984
0.0244717418524261,0.993844170297568,0.460770452136075,0.132838745282156
2.45837090400111e-28,1,0.499999999999996,0.146446609406725
0.0244717418524164,0.993844170297571,0.539229547863917,0.160599627233527
0.0954915028125265,0.975528258147577,0.578217232520116,0.175275975834908
0.206107373853759,0.945503262094185,0.616722681927951,0.190453025345082
0.345491502812542,0.904508497187469,0.654508497187478,0.206107373853765
0.499999999999982,0.85355339059328,0.691341716182541,0.222214883490197
0.65450849718745,0.793892626146247,0.726995249869768,0.238750717642023
0.793892626146235,0.726995249869774,0.761249282357974,0.255689379251522
0.904508497187469,0.654508497187478,0.793892626146235,0.273004750130226
0.975528258147581,0.578217232520109,0.824724024165094,0.290670131231287
1,0.499999999999996,0.853553390593275,0.308658283817456
0.975528258147585,0.421782767479898,0.880202982800011,0.32694147146125
0.904508497187477,0.345491502812529,0.904508497187473,0.345491502812526
0.793892626146246,0.273004750130232,0.926320082177045,0.364279775067462
0.654508497187463,0.206107373853759,0.945503262094185,0.383277318072049
0.499999999999995,0.146446609406725,0.961939766255644,0.402454838991936
0.345491502812528,0.0954915028125267,0.975528258147577,0.421782767479884
0.20610737385377,0.0544967379058178,0.986184960198838,0.44123130127108
0.0954915028125345,0.0244717418524254,0.993844170297568,0.460770452136076
0.0244717418524207,0.0061558297024305,0.998458666866564,0.480370092120467
3.84909399179506e-30,9.62273497948765e-31,1,0.5
0.0244717418524219,0.0061558297024308,0.998458666866564,0.519629907879534
0.0954915028125201,0.0244717418524216,0.993844170297569,0.539229547863921
0.20610737385375,0.0544967379058123,0.986184960198839,0.558768698728917
0.345491502812531,0.0954915028125279,0.975528258147576,0.578217232520116
0.499999999999999,0.146446609406726,0.961939766255643,0.597545161008064
0.654508497187467,0.206107373853761,0.945503262094185,0.616722681927952
0.793892626146226,0.273004750130221,0.926320082177048,0.635720224932535
0.904508497187462,0.345491502812517,0.904508497187477,0.654508497187471
0.975528258147578,0.421782767479886,0.880202982800015,0.673058528538747
1,0.499999999999998,0.853553390593274,0.691341716182544
0.97552825814758,0.578217232520111,0.824724024165094,0.709329868768713
0.904508497187466,0.65450849718748,0.793892626146234,0.726995249869775
0.793892626146254,0.726995249869763,0.761249282357979,0.744310620748475
0.654508497187474,0.793892626146237,0.726995249869773,0.761249282357975
0.500000000000006,0.853553390593272,0.691341716182546,0.777785116509801
0.345491502812538,0.90450849718747,0.654508497187477,0.793892626146235
0.206107373853755,0.945503262094186,0.61672268192795,0.809546974654918
0.0954915028125241,0.975528258147577,0.578217232520115,0.824724024165092
0.024471741852424,0.993844170297569,0.539229547863923,0.839400372766471
7.77693800062124e-29,1,0.500000000000002,0.853553390593273
0.0244717418524186,0.99384417029757,0.460770452136081,0.867161254717842
0.0954915028125305,0.975528258147576,0.421782767479883,0.880202982800016
0.206107373853764,0.945503262094184,0.383277318072047,0.892658465440373
0.345491502812521,0.904508497187475,0.345491502812528,0.904508497187473
0.499999999999988,0.853553390593278,0.308658283817458,0.915734806151272
0.654508497187457,0.793892626146244,0.273004750130231,0.926320082177045
0.79389262614624,0.726995249869771,0.238750717642025,0.936248003536399
0.904508497187473,0.654508497187475,0.206107373853764,0.945503262094184
0.975528258147574,0.578217232520119,0.17527597583491,0.95407158691254
1,0.500000000000007,0.146446609406729,0.961939766255643
0.975528258147583,0.421782767479895,0.119797017199988,0.969095667961241
0.904508497187473,0.345491502812525,0.095491502812526,0.975528258147577
0.79389262614624,0.273004750130229,0.0736799178229545,0.981227618226823
0.654508497187457,0.206107373853756,0.0544967379058141,0.986184960198839
0.500000000000017,0.146446609406732,0.0380602337443582,0.990392640201615
0.345491502812548,0.0954915028125331,0.024471741852425,0.993844170297568
0.206107373853764,0.0544967379058163,0.0138150398011618,0.996534228477463
0.0954915028125305,0.0244717418524243,0.00615582970243142,0.998458666866564
0.0244717418524186,0.00615582970242996,0.00154133313343572,0.999614518120362
3.8413258524197e-28,9.60331463104926e-29,2.40082865776231e-29,1
0.0244717418524152,0.00615582970242912,0.00154133313343551,0.999614518120362
0.0954915028125241,0.0244717418524227,0.006155829702431,0.998458666866564
0.206107373853755,0.0544967379058138,0.0138150398011611,0.996534228477463
0.345491502812538,0.0954915028125299,0.0244717418524242,0.993844170297569
0.500000000000006,0.146446609406728,0.0380602337443572,0.990392640201615
0.654508497187447,0.206107373853752,0.0544967379058128,0.986184960198839
0.793892626146231,0.273004750130224,0.0736799178229531,0.981227618226824
0.904508497187466,0.34549150281252,0.0954915028125245,0.975528258147577
0.97552825814758,0.421782767479889,0.119797017199986,0.969095667961242
1,0.500000000000002,0.146446609406727,0.961939766255643
0.975528258147578,0.578217232520114,0.175275975834908,0.954071586912541
0.904508497187479,0.654508497187469,0.206107373853762,0.945503262094184
0.793892626146249,0.726995249869767,0.238750717642022,0.9362480035364
0.654508497187467,0.793892626146239,0.273004750130228,0.926320082177046
0.499999999999999,0.853553390593274,0.308658283817455,0.915734806151273
0.345491502812531,0.904508497187472,0.345491502812525,0.904508497187474
0.206107373853773,0.945503262094181,0.383277318072045,0.892658465440373
0.0954915028125368,0.975528258147574,0.42178276747988,0.880202982800017
0.0244717418524219,0.993844170297569,0.460770452136079,0.867161254717842
3.83453516716834e-30,1,0.499999999999999,0.853553390593274
0.0244717418524207,0.99384417029757,0.539229547863921,0.839400372766472
0.0954915028125178,0.975528258147579,0.578217232520112,0.824724024165093
0.206107373853747,0.945503262094189,0.616722681927948,0.809546974654919
0.345491502812528,0.904508497187473,0.654508497187474,0.793892626146236
0.499999999999995,0.853553390593275,0.691341716182544,0.777785116509802
0.654508497187463,0.793892626146241,0.726995249869771,0.761249282357976
0.793892626146246,0.726995249869768,0.761249282357977,0.744310620748476
0.90450849718746,0.654508497187485,0.793892626146232,0.726995249869776
0.975528258147576,0.578217232520116,0.824724024165091,0.709329868768714
1,0.500000000000004,0.853553390593273,0.691341716182546
0.975528258147581,0.421782767479891,0.880202982800013,0.673058528538748
0.904508497187469,0.345491502812522,0.904508497187475,0.654508497187473
0.793892626146235,0.273004750130226,0.926320082177047,0.635720224932537
0.654508497187477,0.206107373853765,0.945503262094183,0.616722681927953
0.50000000000001,0.14644660940673,0.961939766255642,0.597545161008065
0.345491502812542,0.0954915028125311,0.975528258147576,0.578217232520117
0.206107373853759,0.0544967379058147,0.986184960198839,0.558768698728918
0.0954915028125264,0.0244717418524233,0.993844170297569,0.539229547863923
0.0244717418524252,0.00615582970243165,0.998458666866564,0.519629907879535
1.62277092539823e-28,4.05692731349557e-29,1,0.500000000000002
0.0244717418524174,0.00615582970242965,0.998458666866564,0.480370092120468
0.0954915028125282,0.0244717418524237,0.993844170297569,0.460770452136077
0.206107373853761,0.0544967379058154,0.986184960198839,0.441231301271082
0.345491502812518,0.0954915028125236,0.975528258147577,0.421782767479886
0.499999999999985,0.146446609406721,0.961939766255645,0.402454838991938
0.654508497187453,0.206107373853755,0.945503262094186,0.38327731807205
0.793892626146237,0.273004750130227,0.926320082177046,0.364279775067463
0.904508497187471,0.345491502812524,0.904508497187475,0.345491502812527
0.975528258147582,0.421782767479893,0.880202982800013,0.326941471461252
1,0.499999999999991,0.853553390593277,0.308658283817457
0.975528258147584,0.578217232520103,0.824724024165096,0.290670131231289
0.904508497187475,0.654508497187473,0.793892626146237,0.273004750130227
0.793892626146243,0.72699524986977,0.761249282357976,0.255689379251524
0.654508497187461,0.793892626146242,0.72699524986977,0.238750717642024
0.499999999999992,0.853553390593276,0.691341716182543,0.222214883490198
0.345491502812552,0.904508497187466,0.65450849718748,0.206107373853766
0.206107373853767,0.945503262094183,0.616722681927954,0.190453025345083
0.0954915028125328,0.975528258147575,0.578217232520118,0.175275975834909
0.0244717418524198,0.99384417029757,0.53922954786392,0.160599627233528
2.40325558829787e-29,1,0.499999999999999,0.146446609406726
0.0244717418524228,0.993844170297569,0.460770452136078,0.132838745282157
0.0954915028125218,0.975528258147578,0.421782767479886,0.119797017199985
0.206107373853752,0.945503262094187,0.383277318072051,0.107341534559629
0.345491502812534,0.904508497187471,0.345491502812524,0.0954915028125256
0.500000000000002,0.853553390593273,0.308658283817455,0.0842651938487272
0.65450849718747,0.793892626146238,0.273004750130227,0.0736799178229542
0.793892626146228,0.726995249869778,0.238750717642028,0.0637519964636021
0.904508497187464,0.654508497187481,0.206107373853767,0.054496737905817
0.975528258147579,0.578217232520113,0.175275975834907,0.045928413087459
1,0.5,0.146446609406726,0.0380602337443566
0.975528258147579,0.421782767479888,0.119797017199986,0.0309043320387582
0.904508497187481,0.345491502812532,0.0954915028125282,0.0244717418524237
0.793892626146252,0.273004750130235,0.0736799178229564,0.018772381773177
0.654508497187471,0.206107373853762,0.0544967379058157,0.0138150398011616
0.500000000000003,0.146446609406727,0.0380602337443569,0.00960735979838485
0.345491502812535,0.095491502812529,0.0244717418524239,0.00615582970243132
0.206107373853753,0.0544967379058132,0.013815039801161,0.00346577152253666
0.0954915028125391,0.0244717418524266,0.00615582970243199,0.00154133313343623
0.0244717418524231,0.00615582970243111,0.001541333133436,0.000385481879638531
3.45544653925292e-29,8.6386163481323e-30,2.15965408703307e-30,5.39913521758269e-31
0.0244717418524195,0.00615582970243019,0.00154133313343577,0.000385481879638473
0.0954915028125322,0.0244717418524248,0.00615582970243153,0.00154133313343611
0.206107373853744,0.0544967379058105,0.0138150398011603,0.00346577152253649
0.345491502812524,0.0954915028125256,0.024471741852423,0.00615582970243109
0.499999999999991,0.146446609406723,0.0380602337443558,0.00960735979838457
0.65450849718746,0.206107373853757,0.0544967379058144,0.0138150398011613
0.793892626146243,0.27300475013023,0.0736799178229549,0.0187723817731766
0.904508497187475,0.345491502812527,0.0954915028125265,0.0244717418524233
0.975528258147575,0.421782767479882,0.119797017199984,0.0309043320387577
1,0.499999999999994,0.146446609406724,0.0380602337443561
0.975528258147582,0.578217232520107,0.175275975834905,0.0459284130874584
0.904508497187471,0.654508497187476,0.206107373853764,0.0544967379058163
0.793892626146238,0.726995249869773,0.238750717642025,0.0637519964636014
0.654508497187481,0.793892626146233,0.273004750130225,0.0736799178229534
0.500000000000014,0.853553390593269,0.308658283817452,0.0842651938487264
0.345491502812545,0.904508497187468,0.345491502812521,0.0954915028125248
0.206107373853762,0.945503262094184,0.383277318072048,0.107341534559628
0.0954915028125288,0.975528258147576,0.421782767479884,0.119797017199984
0.0244717418524264,0.993844170297568,0.460770452136075,0.132838745282156
2.7751929412342e-28,1,0.499999999999996,0.146446609406725
0.0244717418524161,0.993844170297571,0.539229547863917,0.160599627233527
0.0954915028125259,0.975528258147577,0.578217232520115,0.175275975834908
0.206107373853758,0.945503262094186,0.616722681927951,0.190453025345082
0.345491502812541,0.904508497187469,0.654508497187477,0.206107373853765
0.499999999999981,0.853553390593281,0.69134171618254,0.222214883490197
0.654508497187449,0.793892626146247,0.726995249869768,0.238750717642023
0.793892626146234,0.726995249869775,0.761249282357974,0.255689379251522
0.904508497187468,0.654508497187478,0.793892626146235,0.273004750130226
0.975528258147581,0.578217232520109,0.824724024165094,0.290670131231287
1,0.499999999999997,0.853553390593275,0.308658283817456
0.975528258147585,0.421782767479899,0.880202982800011,0.32694147146125
0.904508497187477,0.345491502812529,0.904508497187473,0.345491502812525
0.793892626146247,0.273004750130232,0.926320082177045,0.364279775067461
0.654508497187464,0.206107373853759,0.945503262094185,0.383277318072049
0.499999999999996,0.146446609406725,0.961939766255644,0.402454838991936
0.345491502812529,0.095491502812527,0.975528258147577,0.421782767479884
0.206107373853771,0.0544967379058181,0.986184960198838,0.44123130127108
0.0954915028125351,0.0244717418524255,0.993844170297568,0.460770452136076
0.024471741852421,0.00615582970243057,0.998458666866564,0.480370092120467
9.6470380009017e-31,2.41175950022543e-31,1,0.5
